﻿FILENAME,FAMILY,TYPE
'BloodImage_00001.jpg',GRANULOCYTE,NEUTROPHIL
'BloodImage_00002.jpg',GRANULOCYTE,NEUTROPHIL
'BloodImage_00003.jpg',GRANULOCYTE,NEUTROPHIL
'BloodImage_00004.jpg',GRANULOCYTE,NEUTROPHIL
'BloodImage_00005.jpg',GRANULOCYTE,NEUTROPHIL
'BloodImage_00006.jpg',GRANULOCYTE,NEUTROPHIL
'BloodImage_00007.jpg',GRANULOCYTE,NEUTROPHIL
'BloodImage_00008.jpg',GRANULOCYTE,BASOPHIL
'BloodImage_00009.jpg',GRANULOCYTE,EOSINOPHIL
'BloodImage_00011.jpg',GRANULOCYTE,NEUTROPHIL
'BloodImage_00012.jpg',GRANULOCYTE,NEUTROPHIL
'BloodImage_00013.jpg',GRANULOCYTE,NEUTROPHIL
'BloodImage_00014.jpg',GRANULOCYTE,NEUTROPHIL
'BloodImage_00015.jpg',MONOCYTE,MONOCYTE
'BloodImage_00016.jpg',GRANULOCYTE,NEUTROPHIL
'BloodImage_00017.jpg',GRANULOCYTE,EOSINOPHIL
'BloodImage_00018.jpg',GRANULOCYTE,NEUTROPHIL
'BloodImage_00019.jpg',GRANULOCYTE,NEUTROPHIL
'BloodImage_00020.jpg',LYMPHOCYTE,LYMPHOCYTE
'BloodImage_00021.jpg',LYMPHOCYTE,LYMPHOCYTE
'BloodImage_00022.jpg',GRANULOCYTE,NEUTROPHIL
'BloodImage_00023.jpg',GRANULOCYTE,EOSINOPHIL
'BloodImage_00024.jpg',GRANULOCYTE,NEUTROPHIL
'BloodImage_00026.jpg',GRANULOCYTE,EOSINOPHIL
'BloodImage_00028.jpg',GRANULOCYTE,EOSINOPHIL
'BloodImage_00029.jpg',GRANULOCYTE,NEUTROPHIL
'BloodImage_00030.jpg',GRANULOCYTE,NEUTROPHIL
'BloodImage_00032.jpg',GRANULOCYTE,NEUTROPHIL
'BloodImage_00033.jpg',GRANULOCYTE,NEUTROPHIL
'BloodImage_00035.jpg',GRANULOCYTE,NEUTROPHIL
'BloodImage_00036.jpg',GRANULOCYTE,EOSINOPHIL
'BloodImage_00037.jpg',LYMPHOCYTE,LYMPHOCYTE
'BloodImage_00038.jpg',LYMPHOCYTE,LYMPHOCYTE
'BloodImage_00039.jpg',GRANULOCYTE,NEUTROPHIL
'BloodImage_00040.jpg',MONOCYTE,MONOCYTE
'BloodImage_00041.jpg',GRANULOCYTE,EOSINOPHIL
'BloodImage_00042.jpg',GRANULOCYTE,EOSINOPHIL
'BloodImage_00045.jpg',GRANULOCYTE,EOSINOPHIL
'BloodImage_00046.jpg',GRANULOCYTE,NEUTROPHIL
'BloodImage_00047.jpg',LYMPHOCYTE,LYMPHOCYTE
'BloodImage_00048.jpg',GRANULOCYTE,EOSINOPHIL
'BloodImage_00049.jpg',GRANULOCYTE,EOSINOPHIL
'BloodImage_00050.jpg',GRANULOCYTE,NEUTROPHIL
'BloodImage_00052.jpg',GRANULOCYTE,NEUTROPHIL
'BloodImage_00053.jpg',GRANULOCYTE,NEUTROPHIL
'BloodImage_00054.jpg',LYMPHOCYTE,LYMPHOCYTE
'BloodImage_00055.jpg',LYMPHOCYTE,LYMPHOCYTE
'BloodImage_00056.jpg',GRANULOCYTE,EOSINOPHIL
'BloodImage_00057.jpg',GRANULOCYTE,EOSINOPHIL
'BloodImage_00058.jpg',GRANULOCYTE,EOSINOPHIL
'BloodImage_00059.jpg',GRANULOCYTE,EOSINOPHIL
'BloodImage_00062.jpg',GRANULOCYTE,EOSINOPHIL
'BloodImage_00063.jpg',GRANULOCYTE,NEUTROPHIL
'BloodImage_00064.jpg',GRANULOCYTE,EOSINOPHIL
'BloodImage_00066.jpg',GRANULOCYTE,NEUTROPHIL
'BloodImage_00067.jpg',GRANULOCYTE,NEUTROPHIL
'BloodImage_00068.jpg',GRANULOCYTE,EOSINOPHIL
'BloodImage_00069.jpg',GRANULOCYTE,EOSINOPHIL
'BloodImage_00071.jpg',GRANULOCYTE,NEUTROPHIL
'BloodImage_00072.jpg',GRANULOCYTE,NEUTROPHIL
'BloodImage_00073.jpg',GRANULOCYTE,NEUTROPHIL
'BloodImage_00074.jpg',GRANULOCYTE,NEUTROPHIL
'BloodImage_00075.jpg',GRANULOCYTE,EOSINOPHIL
'BloodImage_00076.jpg',LYMPHOCYTE,LYMPHOCYTE
'BloodImage_00077.jpg',GRANULOCYTE,NEUTROPHIL
'BloodImage_00078.jpg',GRANULOCYTE,NEUTROPHIL
'BloodImage_00079.jpg',GRANULOCYTE,NEUTROPHIL
'BloodImage_00081.jpg',GRANULOCYTE,NEUTROPHIL
'BloodImage_00082.jpg',GRANULOCYTE,NEUTROPHIL
'BloodImage_00083.jpg',MONOCYTE,MONOCYTE
'BloodImage_00086.jpg',GRANULOCYTE,NEUTROPHIL
'BloodImage_00087.jpg',GRANULOCYTE,NEUTROPHIL
'BloodImage_00088.jpg',GRANULOCYTE,EOSINOPHIL
'BloodImage_00089.jpg',LYMPHOCYTE,LYMPHOCYTE
'BloodImage_00090.jpg',GRANULOCYTE,EOSINOPHIL
'BloodImage_00091.jpg',GRANULOCYTE,NEUTROPHIL
'BloodImage_00092.jpg',GRANULOCYTE,NEUTROPHIL
'BloodImage_00093.jpg',GRANULOCYTE,EOSINOPHIL
'BloodImage_00094.jpg',GRANULOCYTE,EOSINOPHIL
'BloodImage_00095.jpg',GRANULOCYTE,EOSINOPHIL
'BloodImage_00096.jpg',GRANULOCYTE,EOSINOPHIL
'BloodImage_00097.jpg',GRANULOCYTE,EOSINOPHIL
'BloodImage_00098.jpg',GRANULOCYTE,NEUTROPHIL
'BloodImage_00099.jpg',LYMPHOCYTE,LYMPHOCYTE
'BloodImage_00100.jpg',GRANULOCYTE,EOSINOPHIL
'BloodImage_00101.jpg',GRANULOCYTE,EOSINOPHIL
'BloodImage_00104.jpg',MONOCYTE,MONOCYTE
'BloodImage_00106.jpg',GRANULOCYTE,NEUTROPHIL
'BloodImage_00107.jpg',GRANULOCYTE,EOSINOPHIL
'BloodImage_00108.jpg',GRANULOCYTE,EOSINOPHIL
'BloodImage_00109.jpg',GRANULOCYTE,EOSINOPHIL
'BloodImage_00110.jpg',MONOCYTE,MONOCYTE
'BloodImage_00111.jpg',LYMPHOCYTE,LYMPHOCYTE
'BloodImage_00112.jpg',GRANULOCYTE,NEUTROPHIL
'BloodImage_00113.jpg',GRANULOCYTE,NEUTROPHIL
'BloodImage_00114.jpg',GRANULOCYTE,EOSINOPHIL
'BloodImage_00115.jpg',GRANULOCYTE,NEUTROPHIL
'BloodImage_00117.jpg',MONOCYTE,MONOCYTE
'BloodImage_00120.jpg',LYMPHOCYTE,LYMPHOCYTE
'BloodImage_00123.jpg',GRANULOCYTE,EOSINOPHIL
'BloodImage_00124.jpg',GRANULOCYTE,NEUTROPHIL
'BloodImage_00125.jpg',GRANULOCYTE,NEUTROPHIL
'BloodImage_00126.jpg',GRANULOCYTE,NEUTROPHIL
'BloodImage_00127.jpg',MONOCYTE,MONOCYTE
'BloodImage_00130.jpg',GRANULOCYTE,NEUTROPHIL
'BloodImage_00132.jpg',GRANULOCYTE,BASOPHIL
'BloodImage_00133.jpg',GRANULOCYTE,EOSINOPHIL
'BloodImage_00134.jpg',LYMPHOCYTE,LYMPHOCYTE
'BloodImage_00135.jpg',GRANULOCYTE,EOSINOPHIL
'BloodImage_00136.jpg',GRANULOCYTE,NEUTROPHIL
'BloodImage_00137.jpg',GRANULOCYTE,EOSINOPHIL
'BloodImage_00139.jpg',GRANULOCYTE,EOSINOPHIL
'BloodImage_00140.jpg',LYMPHOCYTE,LYMPHOCYTE
'BloodImage_00141.jpg',GRANULOCYTE,EOSINOPHIL
'BloodImage_00142.jpg',GRANULOCYTE,NEUTROPHIL
'BloodImage_00143.jpg',GRANULOCYTE,EOSINOPHIL
'BloodImage_00144.jpg',GRANULOCYTE,EOSINOPHIL
'BloodImage_00145.jpg',GRANULOCYTE,NEUTROPHIL
'BloodImage_00147.jpg',GRANULOCYTE,EOSINOPHIL
'BloodImage_00148.jpg',LYMPHOCYTE,LYMPHOCYTE
'BloodImage_00149.jpg',GRANULOCYTE,EOSINOPHIL
'BloodImage_00150.jpg',GRANULOCYTE,NEUTROPHIL
'BloodImage_00152.jpg',GRANULOCYTE,EOSINOPHIL
'BloodImage_00154.jpg',GRANULOCYTE,EOSINOPHIL
'BloodImage_00156.jpg',GRANULOCYTE,NEUTROPHIL
'BloodImage_00157.jpg',LYMPHOCYTE,LYMPHOCYTE
'BloodImage_00158.jpg',GRANULOCYTE,EOSINOPHIL
'BloodImage_00159.jpg',GRANULOCYTE,NEUTROPHIL
'BloodImage_00160.jpg',GRANULOCYTE,EOSINOPHIL
'BloodImage_00161.jpg',GRANULOCYTE,NEUTROPHIL
'BloodImage_00162.jpg',GRANULOCYTE,EOSINOPHIL
'BloodImage_00163.jpg',GRANULOCYTE,NEUTROPHIL
'BloodImage_00164.jpg',GRANULOCYTE,NEUTROPHIL
'BloodImage_00165.jpg',GRANULOCYTE,EOSINOPHIL
'BloodImage_00166.jpg',GRANULOCYTE,NEUTROPHIL
'BloodImage_00168.jpg',GRANULOCYTE,NEUTROPHIL
'BloodImage_00169.jpg',GRANULOCYTE,NEUTROPHIL
'BloodImage_00170.jpg',GRANULOCYTE,NEUTROPHIL
'BloodImage_00171.jpg',GRANULOCYTE,BASOPHIL
'BloodImage_00172.jpg',GRANULOCYTE,NEUTROPHIL
'BloodImage_00174.jpg',GRANULOCYTE,NEUTROPHIL
'BloodImage_00175.jpg',GRANULOCYTE,NEUTROPHIL
'BloodImage_00177.jpg',GRANULOCYTE,EOSINOPHIL
'BloodImage_00178.jpg',GRANULOCYTE,NEUTROPHIL
'BloodImage_00179.jpg',GRANULOCYTE,NEUTROPHIL
'BloodImage_00180.jpg',GRANULOCYTE,EOSINOPHIL
'BloodImage_00182.jpg',GRANULOCYTE,NEUTROPHIL
'BloodImage_00183.jpg',GRANULOCYTE,EOSINOPHIL
'BloodImage_00184.jpg',GRANULOCYTE,EOSINOPHIL
'BloodImage_00187.jpg',GRANULOCYTE,EOSINOPHIL
'BloodImage_00189.jpg',GRANULOCYTE,NEUTROPHIL
'BloodImage_00190.jpg',GRANULOCYTE,NEUTROPHIL
'BloodImage_00191.jpg',LYMPHOCYTE,LYMPHOCYTE
'BloodImage_00192.jpg',GRANULOCYTE,NEUTROPHIL
'BloodImage_00196.jpg',MONOCYTE,MONOCYTE
'BloodImage_00197.jpg',GRANULOCYTE,NEUTROPHIL
'BloodImage_00198.jpg',GRANULOCYTE,NEUTROPHIL
'BloodImage_00199.jpg',GRANULOCYTE,NEUTROPHIL
'BloodImage_00200.jpg',GRANULOCYTE,EOSINOPHIL
'BloodImage_00201.jpg',GRANULOCYTE,NEUTROPHIL
'BloodImage_00202.jpg',GRANULOCYTE,EOSINOPHIL
'BloodImage_00203.jpg',GRANULOCYTE,NEUTROPHIL
'BloodImage_00204.jpg',GRANULOCYTE,EOSINOPHIL
'BloodImage_00205.jpg',GRANULOCYTE,NEUTROPHIL
'BloodImage_00206.jpg',LYMPHOCYTE,LYMPHOCYTE
'BloodImage_00207.jpg',GRANULOCYTE,NEUTROPHIL
'BloodImage_00208.jpg',GRANULOCYTE,EOSINOPHIL
'BloodImage_00209.jpg',GRANULOCYTE,NEUTROPHIL
'BloodImage_00210.jpg',GRANULOCYTE,NEUTROPHIL
'BloodImage_00211.jpg',LYMPHOCYTE,LYMPHOCYTE
'BloodImage_00212.jpg',GRANULOCYTE,NEUTROPHIL
'BloodImage_00214.jpg',GRANULOCYTE,NEUTROPHIL
'BloodImage_00215.jpg',GRANULOCYTE,NEUTROPHIL
'BloodImage_00216.jpg',GRANULOCYTE,NEUTROPHIL
'BloodImage_00217.jpg',LYMPHOCYTE,LYMPHOCYTE
'BloodImage_00218.jpg',GRANULOCYTE,NEUTROPHIL
'BloodImage_00219.jpg',GRANULOCYTE,EOSINOPHIL
'BloodImage_00220.jpg',GRANULOCYTE,EOSINOPHIL
'BloodImage_00221.jpg',GRANULOCYTE,NEUTROPHIL
'BloodImage_00222.jpg',GRANULOCYTE,NEUTROPHIL
'BloodImage_00223.jpg',GRANULOCYTE,NEUTROPHIL
'BloodImage_00224.jpg',LYMPHOCYTE,LYMPHOCYTE
'BloodImage_00225.jpg',MONOCYTE,MONOCYTE
'BloodImage_00226.jpg',GRANULOCYTE,EOSINOPHIL
'BloodImage_00227.jpg',GRANULOCYTE,NEUTROPHIL
'BloodImage_00228.jpg',GRANULOCYTE,EOSINOPHIL
'BloodImage_00229.jpg',LYMPHOCYTE,LYMPHOCYTE
'BloodImage_00230.jpg',GRANULOCYTE,NEUTROPHIL
'BloodImage_00231.jpg',GRANULOCYTE,NEUTROPHIL
'BloodImage_00232.jpg',MONOCYTE,MONOCYTE
'BloodImage_00233.jpg',LYMPHOCYTE,LYMPHOCYTE
'BloodImage_00234.jpg',GRANULOCYTE,NEUTROPHIL
'BloodImage_00235.jpg',GRANULOCYTE,NEUTROPHIL
'BloodImage_00236.jpg',GRANULOCYTE,EOSINOPHIL
'BloodImage_00237.jpg',GRANULOCYTE,NEUTROPHIL
'BloodImage_00239.jpg',GRANULOCYTE,NEUTROPHIL
'BloodImage_00240.jpg',GRANULOCYTE,EOSINOPHIL
'BloodImage_00241.jpg',LYMPHOCYTE,LYMPHOCYTE
'BloodImage_00243.jpg',GRANULOCYTE,NEUTROPHIL
'BloodImage_00244.jpg',GRANULOCYTE,NEUTROPHIL
'BloodImage_00245.jpg',GRANULOCYTE,NEUTROPHIL
'BloodImage_00246.jpg',GRANULOCYTE,NEUTROPHIL
'BloodImage_00247.jpg',GRANULOCYTE,NEUTROPHIL
'BloodImage_00248.jpg',GRANULOCYTE,NEUTROPHIL
'BloodImage_00250.jpg',GRANULOCYTE,NEUTROPHIL
'BloodImage_00251.jpg',GRANULOCYTE,EOSINOPHIL
'BloodImage_00252.jpg',GRANULOCYTE,NEUTROPHIL
'BloodImage_00254.jpg',LYMPHOCYTE,LYMPHOCYTE
'BloodImage_00255.jpg',MONOCYTE,MONOCYTE
'BloodImage_00256.jpg',GRANULOCYTE,NEUTROPHIL
'BloodImage_00257.jpg',GRANULOCYTE,NEUTROPHIL
'BloodImage_00258.jpg',LYMPHOCYTE,LYMPHOCYTE
'BloodImage_00259.jpg',GRANULOCYTE,EOSINOPHIL
'BloodImage_00260.jpg',GRANULOCYTE,NEUTROPHIL
'BloodImage_00261.jpg',GRANULOCYTE,EOSINOPHIL
'BloodImage_00262.jpg',MONOCYTE,MONOCYTE
'BloodImage_00263.jpg',GRANULOCYTE,NEUTROPHIL
'BloodImage_00264.jpg',LYMPHOCYTE,LYMPHOCYTE
'BloodImage_00265.jpg',GRANULOCYTE,EOSINOPHIL
'BloodImage_00266.jpg',GRANULOCYTE,NEUTROPHIL
'BloodImage_00267.jpg',GRANULOCYTE,NEUTROPHIL
'BloodImage_00268.jpg',GRANULOCYTE,NEUTROPHIL
'BloodImage_00269.jpg',GRANULOCYTE,EOSINOPHIL
'BloodImage_00270.jpg',LYMPHOCYTE,LYMPHOCYTE
'BloodImage_00271.jpg',GRANULOCYTE,EOSINOPHIL
'BloodImage_00272.jpg',GRANULOCYTE,NEUTROPHIL
'BloodImage_00273.jpg',GRANULOCYTE,NEUTROPHIL
'BloodImage_00274.jpg',GRANULOCYTE,EOSINOPHIL
'BloodImage_00275.jpg',LYMPHOCYTE,LYMPHOCYTE
'BloodImage_00276.jpg',GRANULOCYTE,NEUTROPHIL
'BloodImage_00277.jpg',GRANULOCYTE,EOSINOPHIL
'BloodImage_00278.jpg',MONOCYTE,MONOCYTE
'BloodImage_00279.jpg',GRANULOCYTE,NEUTROPHIL
'BloodImage_00281.jpg',MONOCYTE,MONOCYTE
'BloodImage_00282.jpg',GRANULOCYTE,NEUTROPHIL
'BloodImage_00283.jpg',LYMPHOCYTE,LYMPHOCYTE
'BloodImage_00285.jpg',GRANULOCYTE,NEUTROPHIL
'BloodImage_00287.jpg',GRANULOCYTE,NEUTROPHIL
'BloodImage_00288.jpg',GRANULOCYTE,NEUTROPHIL
'BloodImage_00289.jpg',GRANULOCYTE,EOSINOPHIL
'BloodImage_00290.jpg',GRANULOCYTE,EOSINOPHIL
'BloodImage_00291.jpg',MONOCYTE,MONOCYTE
'BloodImage_00292.jpg',GRANULOCYTE,EOSINOPHIL
'BloodImage_00293.jpg',GRANULOCYTE,NEUTROPHIL
'BloodImage_00294.jpg',GRANULOCYTE,NEUTROPHIL
'BloodImage_00295.jpg',GRANULOCYTE,NEUTROPHIL
'BloodImage_00296.jpg',GRANULOCYTE,NEUTROPHIL
'BloodImage_00297.jpg',GRANULOCYTE,NEUTROPHIL
'BloodImage_00298.jpg',GRANULOCYTE,NEUTROPHIL
'BloodImage_00299.jpg',GRANULOCYTE,EOSINOPHIL
'BloodImage_00300.jpg',GRANULOCYTE,NEUTROPHIL
'BloodImage_00301.jpg',GRANULOCYTE,NEUTROPHIL
'BloodImage_00302.jpg',GRANULOCYTE,NEUTROPHIL
'BloodImage_00303.jpg',GRANULOCYTE,NEUTROPHIL
'BloodImage_00304.jpg',GRANULOCYTE,NEUTROPHIL
'BloodImage_00305.jpg',LYMPHOCYTE,LYMPHOCYTE
'BloodImage_00307.jpg',GRANULOCYTE,NEUTROPHIL
'BloodImage_00308.jpg',GRANULOCYTE,NEUTROPHIL
'BloodImage_00309.jpg',MONOCYTE,MONOCYTE
'BloodImage_00310.jpg',GRANULOCYTE,NEUTROPHIL
'BloodImage_00311.jpg',GRANULOCYTE,NEUTROPHIL
'BloodImage_00312.jpg',MONOCYTE,MONOCYTE
'BloodImage_00314.jpg',GRANULOCYTE,NEUTROPHIL
'BloodImage_00315.jpg',GRANULOCYTE,NEUTROPHIL
'BloodImage_00317.jpg',GRANULOCYTE,NEUTROPHIL
'BloodImage_00318.jpg',MONOCYTE,MONOCYTE
'BloodImage_00319.jpg',GRANULOCYTE,EOSINOPHIL
'BloodImage_00320.jpg',GRANULOCYTE,NEUTROPHIL
'BloodImage_00322.jpg',GRANULOCYTE,NEUTROPHIL
'BloodImage_00323.jpg',MONOCYTE,MONOCYTE
'BloodImage_00324.jpg',GRANULOCYTE,NEUTROPHIL
'BloodImage_00325.jpg',GRANULOCYTE,NEUTROPHIL
'BloodImage_00326.jpg',GRANULOCYTE,NEUTROPHIL
'BloodImage_00327.jpg',GRANULOCYTE,NEUTROPHIL
'BloodImage_00329.jpg',GRANULOCYTE,NEUTROPHIL
'BloodImage_00330.jpg',GRANULOCYTE,NEUTROPHIL
'BloodImage_00331.jpg',GRANULOCYTE,NEUTROPHIL
'BloodImage_00332.jpg',GRANULOCYTE,NEUTROPHIL
'BloodImage_00333.jpg',GRANULOCYTE,NEUTROPHIL
'BloodImage_00334.jpg',GRANULOCYTE,NEUTROPHIL
'BloodImage_00335.jpg',MONOCYTE,MONOCYTE
'BloodImage_00336.jpg',GRANULOCYTE,NEUTROPHIL
'BloodImage_00337.jpg',GRANULOCYTE,NEUTROPHIL
'BloodImage_00338.jpg',GRANULOCYTE,NEUTROPHIL
'BloodImage_00339.jpg',GRANULOCYTE,NEUTROPHIL
'BloodImage_00340.jpg',GRANULOCYTE,NEUTROPHIL
'BloodImage_00341.jpg',GRANULOCYTE,NEUTROPHIL
'BloodImage_00342.jpg',MONOCYTE,MONOCYTE
'BloodImage_00343.jpg',GRANULOCYTE,NEUTROPHIL
'BloodImage_00344.jpg',GRANULOCYTE,EOSINOPHIL
'BloodImage_00345.jpg',GRANULOCYTE,EOSINOPHIL
'BloodImage_00346.jpg',GRANULOCYTE,NEUTROPHIL
'BloodImage_00347.jpg',LYMPHOCYTE,LYMPHOCYTE
'BloodImage_00348.jpg',GRANULOCYTE,NEUTROPHIL
'BloodImage_00349.jpg',GRANULOCYTE,NEUTROPHIL
'BloodImage_00351.jpg',GRANULOCYTE,NEUTROPHIL
'BloodImage_00352.jpg',GRANULOCYTE,EOSINOPHIL
'BloodImage_00353.jpg',GRANULOCYTE,EOSINOPHIL
'BloodImage_00354.jpg',GRANULOCYTE,NEUTROPHIL
'BloodImage_00355.jpg',GRANULOCYTE,NEUTROPHIL
'BloodImage_00356.jpg',LYMPHOCYTE,LYMPHOCYTE
'BloodImage_00357.jpg',GRANULOCYTE,NEUTROPHIL
'BloodImage_00359.jpg',GRANULOCYTE,EOSINOPHIL
'BloodImage_00360.jpg',GRANULOCYTE,NEUTROPHIL
'BloodImage_00361.jpg',GRANULOCYTE,NEUTROPHIL
'BloodImage_00362.jpg',GRANULOCYTE,NEUTROPHIL
'BloodImage_00364.jpg',GRANULOCYTE,NEUTROPHIL
'BloodImage_00365.jpg',GRANULOCYTE,NEUTROPHIL
'BloodImage_00366.jpg',GRANULOCYTE,NEUTROPHIL
'BloodImage_00367.jpg',GRANULOCYTE,NEUTROPHIL
'BloodImage_00368.jpg',GRANULOCYTE,NEUTROPHIL
'BloodImage_00369.jpg',GRANULOCYTE,NEUTROPHIL
'BloodImage_00370.jpg',GRANULOCYTE,NEUTROPHIL
'BloodImage_00371.jpg',GRANULOCYTE,NEUTROPHIL
'BloodImage_00372.jpg',GRANULOCYTE,NEUTROPHIL
'BloodImage_00375.jpg',GRANULOCYTE,NEUTROPHIL
'BloodImage_00376.jpg',GRANULOCYTE,EOSINOPHIL
'BloodImage_00377.jpg',GRANULOCYTE,NEUTROPHIL
'BloodImage_00378.jpg',GRANULOCYTE,NEUTROPHIL
'BloodImage_00379.jpg',GRANULOCYTE,NEUTROPHIL
'BloodImage_00381.jpg',GRANULOCYTE,NEUTROPHIL
'BloodImage_00382.jpg',GRANULOCYTE,NEUTROPHIL
'BloodImage_00383.jpg',GRANULOCYTE,EOSINOPHIL
'BloodImage_00384.jpg',GRANULOCYTE,NEUTROPHIL
'BloodImage_00385.jpg',GRANULOCYTE,NEUTROPHIL
'BloodImage_00386.jpg',GRANULOCYTE,NEUTROPHIL
'BloodImage_00387.jpg',GRANULOCYTE,EOSINOPHIL
'BloodImage_00388.jpg',GRANULOCYTE,NEUTROPHIL
'BloodImage_00389.jpg',GRANULOCYTE,NEUTROPHIL
'BloodImage_00391.jpg',GRANULOCYTE,NEUTROPHIL
'BloodImage_00392.jpg',GRANULOCYTE,NEUTROPHIL
'BloodImage_00393.jpg',GRANULOCYTE,NEUTROPHIL
'BloodImage_00395.jpg',GRANULOCYTE,NEUTROPHIL
'BloodImage_00396.jpg',GRANULOCYTE,NEUTROPHIL
'BloodImage_00397.jpg',GRANULOCYTE,NEUTROPHIL
'BloodImage_00398.jpg',GRANULOCYTE,NEUTROPHIL
'BloodImage_00400.jpg',GRANULOCYTE,NEUTROPHIL
'BloodImage_00402.jpg',GRANULOCYTE,NEUTROPHIL
'BloodImage_00403.jpg',GRANULOCYTE,NEUTROPHIL
'BloodImage_00404.jpg',GRANULOCYTE,NEUTROPHIL
'BloodImage_00405.jpg',GRANULOCYTE,NEUTROPHIL
'BloodImage_00407.jpg',GRANULOCYTE,NEUTROPHIL
'BloodImage_00408.jpg',GRANULOCYTE,NEUTROPHIL
'BloodImage_00409.jpg',GRANULOCYTE,NEUTROPHIL
'BloodImage_00410.jpg',GRANULOCYTE,EOSINOPHIL