{
 "cells": [
  {
   "cell_type": "code",
   "execution_count": 1,
   "metadata": {},
   "outputs": [],
   "source": [
    "# FILE:   WBC_imgSeg.R\n",
    "# AUTH:   P.Compeau, N. Matamala\n",
    "# STRT:   04.23.2019; 11:35 A\n",
    "# UPDT:   05.16.2019; 01:30 P\n",
    "\n",
    "# DISC:   Majority of this code comes from segmentationNuc.R written by \n",
    "#         P. Compeau with modifications by N. Matamala"
   ]
  },
  {
   "cell_type": "code",
   "execution_count": 2,
   "metadata": {},
   "outputs": [],
   "source": [
    "# Required Libraries\n",
    "library(\"EBImage\")\n",
    "library(\"jpeg\")\n",
    "library(\"tiff\")"
   ]
  },
  {
   "cell_type": "code",
   "execution_count": 3,
   "metadata": {},
   "outputs": [
    {
     "name": "stdout",
     "output_type": "stream",
     "text": [
      "[1] Creating ~/Desktop/WBC_PCAPipeline/Data/SegImgs_2 directory for segmented images.\n",
      "[1] Creating ~/Desktop/WBC_PCAPipeline/Data/BWImgs_2 directory for binarized segmented images.\n"
     ]
    }
   ],
   "source": [
    "# dir Counter\n",
    "i = 1\n",
    "\n",
    "# Set path for raw image files\n",
    "path=\"~/Desktop/WBC_PCAPipeline/Data/\"\n",
    "rawImgs=paste(path, \"RawImgs/\", sep=\"\")\n",
    "\n",
    "# Set up directory path for segemented images\n",
    "segImgs=paste(path, \"SegImgs_\", sep=\"\")\n",
    "bwImgs=paste(path, \"BWImgs_\", sep=\"\")\n",
    "\n",
    "# Check if unique seg directory exists, otherwise create one\n",
    "while (file.exists(paste(segImgs, toString(i), sep=\"\"))) {\n",
    "  i = i + 1\n",
    "}\n",
    "print(noquote(paste(\"Creating\", paste(segImgs, toString(i), sep=\"\"), \"directory for segmented images.\")))\n",
    "dir.create(paste(segImgs, toString(i), sep=\"\"), showWarnings = FALSE);\n",
    "print(noquote(paste(\"Creating\", paste(bwImgs, toString(i), sep=\"\"), \"directory for binarized images.\")))\n",
    "dir.create(paste(bwImgs, toString(i), sep=\"\"), showWarnings = FALSE)\n",
    "outDir=paste(segImgs, toString(i), sep=\"\")\n",
    "setwd(rawImgs)"
   ]
  },
  {
   "cell_type": "code",
   "execution_count": 4,
   "metadata": {},
   "outputs": [],
   "source": [
    "# Gather all files within the directory above\n",
    "all.files <- list.files()\n",
    "my.files <- grep(\"*.jpg\", all.files, value=T)"
   ]
  },
  {
   "cell_type": "code",
   "execution_count": 5,
   "metadata": {},
   "outputs": [
    {
     "name": "stdout",
     "output_type": "stream",
     "text": [
      "[1] Starting nucleus segmentation...\n",
      "[1] Segmenting nucleus from file BloodImage_00001.jpg\n",
      "[1] Segmenting nucleus from file BloodImage_00002.jpg\n",
      "[1] Segmenting nucleus from file BloodImage_00003.jpg\n",
      "[1] Segmenting nucleus from file BloodImage_00004.jpg\n",
      "[1] Segmenting nucleus from file BloodImage_00005.jpg\n",
      "[1] Segmenting nucleus from file BloodImage_00006.jpg\n",
      "[1] Segmenting nucleus from file BloodImage_00007.jpg\n",
      "[1] Segmenting nucleus from file BloodImage_00008.jpg\n",
      "[1] Segmenting nucleus from file BloodImage_00009.jpg\n",
      "[1] Segmenting nucleus from file BloodImage_00011.jpg\n",
      "[1] Segmenting nucleus from file BloodImage_00012.jpg\n",
      "[1] Segmenting nucleus from file BloodImage_00013.jpg\n",
      "[1] Segmenting nucleus from file BloodImage_00014.jpg\n",
      "[1] Segmenting nucleus from file BloodImage_00015.jpg\n",
      "[1] Segmenting nucleus from file BloodImage_00016.jpg\n",
      "[1] Segmenting nucleus from file BloodImage_00017.jpg\n",
      "[1] Segmenting nucleus from file BloodImage_00018.jpg\n",
      "[1] Segmenting nucleus from file BloodImage_00019.jpg\n",
      "[1] Segmenting nucleus from file BloodImage_00020.jpg\n",
      "[1] Segmenting nucleus from file BloodImage_00021.jpg\n",
      "[1] Segmenting nucleus from file BloodImage_00022.jpg\n",
      "[1] Segmenting nucleus from file BloodImage_00023.jpg\n",
      "[1] Segmenting nucleus from file BloodImage_00024.jpg\n",
      "[1] Segmenting nucleus from file BloodImage_00026.jpg\n",
      "[1] Segmenting nucleus from file BloodImage_00028.jpg\n",
      "[1] Segmenting nucleus from file BloodImage_00029.jpg\n",
      "[1] Segmenting nucleus from file BloodImage_00030.jpg\n",
      "[1] Segmenting nucleus from file BloodImage_00032.jpg\n",
      "[1] Segmenting nucleus from file BloodImage_00033.jpg\n",
      "[1] Segmenting nucleus from file BloodImage_00035.jpg\n",
      "[1] Segmenting nucleus from file BloodImage_00036.jpg\n",
      "[1] Segmenting nucleus from file BloodImage_00037.jpg\n",
      "[1] Segmenting nucleus from file BloodImage_00038.jpg\n",
      "[1] Segmenting nucleus from file BloodImage_00039.jpg\n",
      "[1] Segmenting nucleus from file BloodImage_00040.jpg\n",
      "[1] Segmenting nucleus from file BloodImage_00041.jpg\n",
      "[1] Segmenting nucleus from file BloodImage_00042.jpg\n",
      "[1] Segmenting nucleus from file BloodImage_00045.jpg\n",
      "[1] Segmenting nucleus from file BloodImage_00046.jpg\n",
      "[1] Segmenting nucleus from file BloodImage_00047.jpg\n",
      "[1] Segmenting nucleus from file BloodImage_00048.jpg\n",
      "[1] Segmenting nucleus from file BloodImage_00049.jpg\n",
      "[1] Segmenting nucleus from file BloodImage_00050.jpg\n",
      "[1] Segmenting nucleus from file BloodImage_00052.jpg\n",
      "[1] Segmenting nucleus from file BloodImage_00053.jpg\n",
      "[1] Segmenting nucleus from file BloodImage_00054.jpg\n",
      "[1] Segmenting nucleus from file BloodImage_00055.jpg\n",
      "[1] Segmenting nucleus from file BloodImage_00056.jpg\n",
      "[1] Segmenting nucleus from file BloodImage_00057.jpg\n",
      "[1] Segmenting nucleus from file BloodImage_00058.jpg\n",
      "[1] Segmenting nucleus from file BloodImage_00059.jpg\n",
      "[1] Segmenting nucleus from file BloodImage_00062.jpg\n",
      "[1] Segmenting nucleus from file BloodImage_00063.jpg\n",
      "[1] Segmenting nucleus from file BloodImage_00064.jpg\n",
      "[1] Segmenting nucleus from file BloodImage_00066.jpg\n",
      "[1] Segmenting nucleus from file BloodImage_00067.jpg\n",
      "[1] Segmenting nucleus from file BloodImage_00068.jpg\n",
      "[1] Segmenting nucleus from file BloodImage_00069.jpg\n",
      "[1] Segmenting nucleus from file BloodImage_00071.jpg\n",
      "[1] Segmenting nucleus from file BloodImage_00072.jpg\n",
      "[1] Segmenting nucleus from file BloodImage_00073.jpg\n",
      "[1] Segmenting nucleus from file BloodImage_00074.jpg\n",
      "[1] Segmenting nucleus from file BloodImage_00075.jpg\n",
      "[1] Segmenting nucleus from file BloodImage_00076.jpg\n",
      "[1] Segmenting nucleus from file BloodImage_00077.jpg\n",
      "[1] Segmenting nucleus from file BloodImage_00078.jpg\n",
      "[1] Segmenting nucleus from file BloodImage_00079.jpg\n",
      "[1] Segmenting nucleus from file BloodImage_00081.jpg\n",
      "[1] Segmenting nucleus from file BloodImage_00082.jpg\n",
      "[1] Segmenting nucleus from file BloodImage_00083.jpg\n",
      "[1] Segmenting nucleus from file BloodImage_00086.jpg\n",
      "[1] Segmenting nucleus from file BloodImage_00087.jpg\n",
      "[1] Segmenting nucleus from file BloodImage_00088.jpg\n",
      "[1] Segmenting nucleus from file BloodImage_00089.jpg\n",
      "[1] Segmenting nucleus from file BloodImage_00090.jpg\n",
      "[1] Segmenting nucleus from file BloodImage_00091.jpg\n",
      "[1] Segmenting nucleus from file BloodImage_00092.jpg\n",
      "[1] Segmenting nucleus from file BloodImage_00093.jpg\n",
      "[1] Segmenting nucleus from file BloodImage_00094.jpg\n",
      "[1] Segmenting nucleus from file BloodImage_00095.jpg\n",
      "[1] Segmenting nucleus from file BloodImage_00096.jpg\n",
      "[1] Segmenting nucleus from file BloodImage_00097.jpg\n",
      "[1] Segmenting nucleus from file BloodImage_00098.jpg\n",
      "[1] Segmenting nucleus from file BloodImage_00099.jpg\n",
      "[1] Segmenting nucleus from file BloodImage_00100.jpg\n",
      "[1] Segmenting nucleus from file BloodImage_00101.jpg\n",
      "[1] Segmenting nucleus from file BloodImage_00104.jpg\n",
      "[1] Segmenting nucleus from file BloodImage_00106.jpg\n",
      "[1] Segmenting nucleus from file BloodImage_00107.jpg\n",
      "[1] Segmenting nucleus from file BloodImage_00108.jpg\n",
      "[1] Segmenting nucleus from file BloodImage_00109.jpg\n",
      "[1] Segmenting nucleus from file BloodImage_00110.jpg\n",
      "[1] Segmenting nucleus from file BloodImage_00111.jpg\n",
      "[1] Segmenting nucleus from file BloodImage_00112.jpg\n",
      "[1] Segmenting nucleus from file BloodImage_00113.jpg\n",
      "[1] Segmenting nucleus from file BloodImage_00114.jpg\n",
      "[1] Segmenting nucleus from file BloodImage_00115.jpg\n",
      "[1] Segmenting nucleus from file BloodImage_00117.jpg\n",
      "[1] Segmenting nucleus from file BloodImage_00120.jpg\n",
      "[1] Segmenting nucleus from file BloodImage_00123.jpg\n",
      "[1] Segmenting nucleus from file BloodImage_00124.jpg\n",
      "[1] Segmenting nucleus from file BloodImage_00125.jpg\n",
      "[1] Segmenting nucleus from file BloodImage_00126.jpg\n",
      "[1] Segmenting nucleus from file BloodImage_00127.jpg\n",
      "[1] Segmenting nucleus from file BloodImage_00130.jpg\n",
      "[1] Segmenting nucleus from file BloodImage_00132.jpg\n",
      "[1] Segmenting nucleus from file BloodImage_00133.jpg\n",
      "[1] Segmenting nucleus from file BloodImage_00134.jpg\n",
      "[1] Segmenting nucleus from file BloodImage_00135.jpg\n",
      "[1] Segmenting nucleus from file BloodImage_00136.jpg\n",
      "[1] Segmenting nucleus from file BloodImage_00137.jpg\n",
      "[1] Segmenting nucleus from file BloodImage_00139.jpg\n",
      "[1] Segmenting nucleus from file BloodImage_00140.jpg\n",
      "[1] Segmenting nucleus from file BloodImage_00141.jpg\n",
      "[1] Segmenting nucleus from file BloodImage_00142.jpg\n",
      "[1] Segmenting nucleus from file BloodImage_00143.jpg\n",
      "[1] Segmenting nucleus from file BloodImage_00144.jpg\n",
      "[1] Segmenting nucleus from file BloodImage_00145.jpg\n",
      "[1] Segmenting nucleus from file BloodImage_00147.jpg\n",
      "[1] Segmenting nucleus from file BloodImage_00148.jpg\n",
      "[1] Segmenting nucleus from file BloodImage_00149.jpg\n",
      "[1] Segmenting nucleus from file BloodImage_00150.jpg\n",
      "[1] Segmenting nucleus from file BloodImage_00152.jpg\n",
      "[1] Segmenting nucleus from file BloodImage_00154.jpg\n",
      "[1] Segmenting nucleus from file BloodImage_00156.jpg\n",
      "[1] Segmenting nucleus from file BloodImage_00157.jpg\n",
      "[1] Segmenting nucleus from file BloodImage_00158.jpg\n",
      "[1] Segmenting nucleus from file BloodImage_00159.jpg\n",
      "[1] Segmenting nucleus from file BloodImage_00160.jpg\n",
      "[1] Segmenting nucleus from file BloodImage_00161.jpg\n",
      "[1] Segmenting nucleus from file BloodImage_00162.jpg\n",
      "[1] Segmenting nucleus from file BloodImage_00163.jpg\n",
      "[1] Segmenting nucleus from file BloodImage_00164.jpg\n",
      "[1] Segmenting nucleus from file BloodImage_00165.jpg\n",
      "[1] Segmenting nucleus from file BloodImage_00166.jpg\n",
      "[1] Segmenting nucleus from file BloodImage_00168.jpg\n",
      "[1] Segmenting nucleus from file BloodImage_00169.jpg\n",
      "[1] Segmenting nucleus from file BloodImage_00170.jpg\n",
      "[1] Segmenting nucleus from file BloodImage_00171.jpg\n",
      "[1] Segmenting nucleus from file BloodImage_00172.jpg\n",
      "[1] Segmenting nucleus from file BloodImage_00174.jpg\n",
      "[1] Segmenting nucleus from file BloodImage_00175.jpg\n",
      "[1] Segmenting nucleus from file BloodImage_00177.jpg\n",
      "[1] Segmenting nucleus from file BloodImage_00178.jpg\n",
      "[1] Segmenting nucleus from file BloodImage_00179.jpg\n",
      "[1] Segmenting nucleus from file BloodImage_00180.jpg\n",
      "[1] Segmenting nucleus from file BloodImage_00182.jpg\n",
      "[1] Segmenting nucleus from file BloodImage_00183.jpg\n",
      "[1] Segmenting nucleus from file BloodImage_00184.jpg\n",
      "[1] Segmenting nucleus from file BloodImage_00187.jpg\n",
      "[1] Segmenting nucleus from file BloodImage_00189.jpg\n",
      "[1] Segmenting nucleus from file BloodImage_00190.jpg\n",
      "[1] Segmenting nucleus from file BloodImage_00191.jpg\n",
      "[1] Segmenting nucleus from file BloodImage_00192.jpg\n",
      "[1] Segmenting nucleus from file BloodImage_00196.jpg\n",
      "[1] Segmenting nucleus from file BloodImage_00197.jpg\n",
      "[1] Segmenting nucleus from file BloodImage_00198.jpg\n",
      "[1] Segmenting nucleus from file BloodImage_00199.jpg\n",
      "[1] Segmenting nucleus from file BloodImage_00200.jpg\n",
      "[1] Segmenting nucleus from file BloodImage_00201.jpg\n",
      "[1] Segmenting nucleus from file BloodImage_00202.jpg\n",
      "[1] Segmenting nucleus from file BloodImage_00203.jpg\n",
      "[1] Segmenting nucleus from file BloodImage_00204.jpg\n",
      "[1] Segmenting nucleus from file BloodImage_00205.jpg\n",
      "[1] Segmenting nucleus from file BloodImage_00206.jpg\n",
      "[1] Segmenting nucleus from file BloodImage_00207.jpg\n",
      "[1] Segmenting nucleus from file BloodImage_00208.jpg\n",
      "[1] Segmenting nucleus from file BloodImage_00209.jpg\n",
      "[1] Segmenting nucleus from file BloodImage_00210.jpg\n",
      "[1] Segmenting nucleus from file BloodImage_00211.jpg\n",
      "[1] Segmenting nucleus from file BloodImage_00212.jpg\n",
      "[1] Segmenting nucleus from file BloodImage_00214.jpg\n",
      "[1] Segmenting nucleus from file BloodImage_00215.jpg\n",
      "[1] Segmenting nucleus from file BloodImage_00216.jpg\n",
      "[1] Segmenting nucleus from file BloodImage_00217.jpg\n",
      "[1] Segmenting nucleus from file BloodImage_00218.jpg\n",
      "[1] Segmenting nucleus from file BloodImage_00219.jpg\n",
      "[1] Segmenting nucleus from file BloodImage_00220.jpg\n",
      "[1] Segmenting nucleus from file BloodImage_00221.jpg\n",
      "[1] Segmenting nucleus from file BloodImage_00222.jpg\n",
      "[1] Segmenting nucleus from file BloodImage_00223.jpg\n",
      "[1] Segmenting nucleus from file BloodImage_00224.jpg\n",
      "[1] Segmenting nucleus from file BloodImage_00225.jpg\n",
      "[1] Segmenting nucleus from file BloodImage_00226.jpg\n",
      "[1] Segmenting nucleus from file BloodImage_00227.jpg\n",
      "[1] Segmenting nucleus from file BloodImage_00228.jpg\n",
      "[1] Segmenting nucleus from file BloodImage_00229.jpg\n",
      "[1] Segmenting nucleus from file BloodImage_00230.jpg\n",
      "[1] Segmenting nucleus from file BloodImage_00231.jpg\n",
      "[1] Segmenting nucleus from file BloodImage_00232.jpg\n",
      "[1] Segmenting nucleus from file BloodImage_00233.jpg\n",
      "[1] Segmenting nucleus from file BloodImage_00234.jpg\n",
      "[1] Segmenting nucleus from file BloodImage_00235.jpg\n",
      "[1] Segmenting nucleus from file BloodImage_00236.jpg\n",
      "[1] Segmenting nucleus from file BloodImage_00237.jpg\n",
      "[1] Segmenting nucleus from file BloodImage_00239.jpg\n",
      "[1] Segmenting nucleus from file BloodImage_00240.jpg\n",
      "[1] Segmenting nucleus from file BloodImage_00241.jpg\n",
      "[1] Segmenting nucleus from file BloodImage_00243.jpg\n",
      "[1] Segmenting nucleus from file BloodImage_00244.jpg\n",
      "[1] Segmenting nucleus from file BloodImage_00245.jpg\n",
      "[1] Segmenting nucleus from file BloodImage_00246.jpg\n",
      "[1] Segmenting nucleus from file BloodImage_00247.jpg\n",
      "[1] Segmenting nucleus from file BloodImage_00248.jpg\n",
      "[1] Segmenting nucleus from file BloodImage_00250.jpg\n",
      "[1] Segmenting nucleus from file BloodImage_00251.jpg\n",
      "[1] Segmenting nucleus from file BloodImage_00252.jpg\n",
      "[1] Segmenting nucleus from file BloodImage_00254.jpg\n",
      "[1] Segmenting nucleus from file BloodImage_00255.jpg\n",
      "[1] Segmenting nucleus from file BloodImage_00256.jpg\n",
      "[1] Segmenting nucleus from file BloodImage_00257.jpg\n",
      "[1] Segmenting nucleus from file BloodImage_00258.jpg\n",
      "[1] Segmenting nucleus from file BloodImage_00259.jpg\n",
      "[1] Segmenting nucleus from file BloodImage_00260.jpg\n",
      "[1] Segmenting nucleus from file BloodImage_00261.jpg\n",
      "[1] Segmenting nucleus from file BloodImage_00262.jpg\n",
      "[1] Segmenting nucleus from file BloodImage_00263.jpg\n",
      "[1] Segmenting nucleus from file BloodImage_00264.jpg\n",
      "[1] Segmenting nucleus from file BloodImage_00265.jpg\n",
      "[1] Segmenting nucleus from file BloodImage_00266.jpg\n",
      "[1] Segmenting nucleus from file BloodImage_00267.jpg\n",
      "[1] Segmenting nucleus from file BloodImage_00268.jpg\n",
      "[1] Segmenting nucleus from file BloodImage_00269.jpg\n",
      "[1] Segmenting nucleus from file BloodImage_00270.jpg\n",
      "[1] Segmenting nucleus from file BloodImage_00271.jpg\n",
      "[1] Segmenting nucleus from file BloodImage_00272.jpg\n",
      "[1] Segmenting nucleus from file BloodImage_00273.jpg\n",
      "[1] Segmenting nucleus from file BloodImage_00274.jpg\n",
      "[1] Segmenting nucleus from file BloodImage_00275.jpg\n",
      "[1] Segmenting nucleus from file BloodImage_00276.jpg\n",
      "[1] Segmenting nucleus from file BloodImage_00277.jpg\n",
      "[1] Segmenting nucleus from file BloodImage_00278.jpg\n",
      "[1] Segmenting nucleus from file BloodImage_00279.jpg\n",
      "[1] Segmenting nucleus from file BloodImage_00281.jpg\n",
      "[1] Segmenting nucleus from file BloodImage_00282.jpg\n",
      "[1] Segmenting nucleus from file BloodImage_00283.jpg\n",
      "[1] Segmenting nucleus from file BloodImage_00285.jpg\n",
      "[1] Segmenting nucleus from file BloodImage_00287.jpg\n",
      "[1] Segmenting nucleus from file BloodImage_00288.jpg\n",
      "[1] Segmenting nucleus from file BloodImage_00289.jpg\n",
      "[1] Segmenting nucleus from file BloodImage_00290.jpg\n",
      "[1] Segmenting nucleus from file BloodImage_00291.jpg\n",
      "[1] Segmenting nucleus from file BloodImage_00292.jpg\n",
      "[1] Segmenting nucleus from file BloodImage_00293.jpg\n",
      "[1] Segmenting nucleus from file BloodImage_00294.jpg\n",
      "[1] Segmenting nucleus from file BloodImage_00295.jpg\n",
      "[1] Segmenting nucleus from file BloodImage_00296.jpg\n",
      "[1] Segmenting nucleus from file BloodImage_00297.jpg\n",
      "[1] Segmenting nucleus from file BloodImage_00298.jpg\n",
      "[1] Segmenting nucleus from file BloodImage_00299.jpg\n",
      "[1] Segmenting nucleus from file BloodImage_00300.jpg\n",
      "[1] Segmenting nucleus from file BloodImage_00301.jpg\n",
      "[1] Segmenting nucleus from file BloodImage_00302.jpg\n",
      "[1] Segmenting nucleus from file BloodImage_00303.jpg\n",
      "[1] Segmenting nucleus from file BloodImage_00304.jpg\n",
      "[1] Segmenting nucleus from file BloodImage_00305.jpg\n",
      "[1] Segmenting nucleus from file BloodImage_00307.jpg\n",
      "[1] Segmenting nucleus from file BloodImage_00308.jpg\n",
      "[1] Segmenting nucleus from file BloodImage_00309.jpg\n",
      "[1] Segmenting nucleus from file BloodImage_00310.jpg\n",
      "[1] Segmenting nucleus from file BloodImage_00311.jpg\n",
      "[1] Segmenting nucleus from file BloodImage_00312.jpg\n",
      "[1] Segmenting nucleus from file BloodImage_00314.jpg\n",
      "[1] Segmenting nucleus from file BloodImage_00315.jpg\n",
      "[1] Segmenting nucleus from file BloodImage_00317.jpg\n",
      "[1] Segmenting nucleus from file BloodImage_00318.jpg\n",
      "[1] Segmenting nucleus from file BloodImage_00319.jpg\n",
      "[1] Segmenting nucleus from file BloodImage_00320.jpg\n",
      "[1] Segmenting nucleus from file BloodImage_00322.jpg\n",
      "[1] Segmenting nucleus from file BloodImage_00323.jpg\n",
      "[1] Segmenting nucleus from file BloodImage_00324.jpg\n",
      "[1] Segmenting nucleus from file BloodImage_00325.jpg\n",
      "[1] Segmenting nucleus from file BloodImage_00326.jpg\n",
      "[1] Segmenting nucleus from file BloodImage_00327.jpg\n",
      "[1] Segmenting nucleus from file BloodImage_00329.jpg\n",
      "[1] Segmenting nucleus from file BloodImage_00330.jpg\n",
      "[1] Segmenting nucleus from file BloodImage_00331.jpg\n",
      "[1] Segmenting nucleus from file BloodImage_00332.jpg\n",
      "[1] Segmenting nucleus from file BloodImage_00333.jpg\n",
      "[1] Segmenting nucleus from file BloodImage_00334.jpg\n",
      "[1] Segmenting nucleus from file BloodImage_00335.jpg\n",
      "[1] Segmenting nucleus from file BloodImage_00336.jpg\n",
      "[1] Segmenting nucleus from file BloodImage_00337.jpg\n",
      "[1] Segmenting nucleus from file BloodImage_00338.jpg\n",
      "[1] Segmenting nucleus from file BloodImage_00339.jpg\n",
      "[1] Segmenting nucleus from file BloodImage_00340.jpg\n",
      "[1] Segmenting nucleus from file BloodImage_00341.jpg\n",
      "[1] Segmenting nucleus from file BloodImage_00342.jpg\n",
      "[1] Segmenting nucleus from file BloodImage_00343.jpg\n",
      "[1] Segmenting nucleus from file BloodImage_00344.jpg\n",
      "[1] Segmenting nucleus from file BloodImage_00345.jpg\n",
      "[1] Segmenting nucleus from file BloodImage_00346.jpg\n",
      "[1] Segmenting nucleus from file BloodImage_00347.jpg\n",
      "[1] Segmenting nucleus from file BloodImage_00348.jpg\n",
      "[1] Segmenting nucleus from file BloodImage_00349.jpg\n",
      "[1] Segmenting nucleus from file BloodImage_00351.jpg\n",
      "[1] Segmenting nucleus from file BloodImage_00352.jpg\n",
      "[1] Segmenting nucleus from file BloodImage_00353.jpg\n",
      "[1] Segmenting nucleus from file BloodImage_00354.jpg\n",
      "[1] Segmenting nucleus from file BloodImage_00355.jpg\n",
      "[1] Segmenting nucleus from file BloodImage_00356.jpg\n",
      "[1] Segmenting nucleus from file BloodImage_00357.jpg\n",
      "[1] Segmenting nucleus from file BloodImage_00359.jpg\n",
      "[1] Segmenting nucleus from file BloodImage_00360.jpg\n",
      "[1] Segmenting nucleus from file BloodImage_00361.jpg\n",
      "[1] Segmenting nucleus from file BloodImage_00362.jpg\n",
      "[1] Segmenting nucleus from file BloodImage_00364.jpg\n",
      "[1] Segmenting nucleus from file BloodImage_00365.jpg\n",
      "[1] Segmenting nucleus from file BloodImage_00366.jpg\n",
      "[1] Segmenting nucleus from file BloodImage_00367.jpg\n",
      "[1] Segmenting nucleus from file BloodImage_00368.jpg\n",
      "[1] Segmenting nucleus from file BloodImage_00369.jpg\n",
      "[1] Segmenting nucleus from file BloodImage_00370.jpg\n",
      "[1] Segmenting nucleus from file BloodImage_00371.jpg\n",
      "[1] Segmenting nucleus from file BloodImage_00372.jpg\n",
      "[1] Segmenting nucleus from file BloodImage_00375.jpg\n",
      "[1] Segmenting nucleus from file BloodImage_00376.jpg\n",
      "[1] Segmenting nucleus from file BloodImage_00377.jpg\n",
      "[1] Segmenting nucleus from file BloodImage_00378.jpg\n",
      "[1] Segmenting nucleus from file BloodImage_00379.jpg\n",
      "[1] Segmenting nucleus from file BloodImage_00381.jpg\n",
      "[1] Segmenting nucleus from file BloodImage_00382.jpg\n",
      "[1] Segmenting nucleus from file BloodImage_00383.jpg\n",
      "[1] Segmenting nucleus from file BloodImage_00384.jpg\n",
      "[1] Segmenting nucleus from file BloodImage_00385.jpg\n",
      "[1] Segmenting nucleus from file BloodImage_00386.jpg\n",
      "[1] Segmenting nucleus from file BloodImage_00387.jpg\n",
      "[1] Segmenting nucleus from file BloodImage_00388.jpg\n",
      "[1] Segmenting nucleus from file BloodImage_00389.jpg\n",
      "[1] Segmenting nucleus from file BloodImage_00391.jpg\n",
      "[1] Segmenting nucleus from file BloodImage_00392.jpg\n",
      "[1] Segmenting nucleus from file BloodImage_00393.jpg\n",
      "[1] Segmenting nucleus from file BloodImage_00395.jpg\n",
      "[1] Segmenting nucleus from file BloodImage_00396.jpg\n",
      "[1] Segmenting nucleus from file BloodImage_00397.jpg\n",
      "[1] Segmenting nucleus from file BloodImage_00398.jpg\n",
      "[1] Segmenting nucleus from file BloodImage_00400.jpg\n",
      "[1] Segmenting nucleus from file BloodImage_00402.jpg\n",
      "[1] Segmenting nucleus from file BloodImage_00403.jpg\n",
      "[1] Segmenting nucleus from file BloodImage_00404.jpg\n",
      "[1] Segmenting nucleus from file BloodImage_00405.jpg\n",
      "[1] Segmenting nucleus from file BloodImage_00407.jpg\n",
      "[1] Segmenting nucleus from file BloodImage_00408.jpg\n",
      "[1] Segmenting nucleus from file BloodImage_00409.jpg\n",
      "[1] Segmenting nucleus from file BloodImage_00410.jpg\n",
      "[1] DONE!\n"
     ]
    }
   ],
   "source": [
    "print(noquote(\"Starting nucleus segmentation...\"))\n",
    "\n",
    "# Loop through each file and process each image individually\n",
    "for (i in my.files) {\n",
    "  print(noquote(paste(\"Segmenting nucleus from file\", i)))\n",
    "  # Read the image, change to its directory\n",
    "  nuc = readImage(paste(rawImgs, i, sep=\"\"))\n",
    "  \n",
    "  # Gather dimensions of the image\n",
    "  wid = dim(nuc)[1]\n",
    "  hgt = dim(nuc)[2]\n",
    "    \n",
    "  # Each nuclear stain has low red, low green and high blue.\n",
    "  \n",
    "  # Need to invert the red and green channels, and then threshold according to\n",
    "  # the above criteria\n",
    "  nuc_r = channel(nuc, 'r')\n",
    "  nuc_g = channel(nuc, 'g')\n",
    "  nuc_b = channel(nuc, 'b')\n",
    "  \n",
    "  # Assigned thresholds for low red, low green, and high blue.\n",
    "  r_threshold = 0.65\n",
    "  g_threshold = 0.60\n",
    "  b_threshold = 0.5975\n",
    "  \n",
    "  # Apply the thresholds accordingly\n",
    "  nuc_rTH = nuc_r < r_threshold\n",
    "  nuc_gTH = nuc_g < g_threshold\n",
    "  nuc_bTH = nuc_b > b_threshold\n",
    "  \n",
    "  nucleusComp = nuc_rTH & nuc_gTH & nuc_bTH\n",
    "  nucleusBW = bwlabel(fillHull(nucleusComp))\n",
    "  \n",
    "  # Compute features for objects that have made the threshold boundaries\n",
    "  features = computeFeatures.shape(nucleusBW)\n",
    "  \n",
    "  # Assigned area threshold\n",
    "  area_threshold <- 1500\n",
    "  \n",
    "  # Find all features that do not meet the area threshold\n",
    "  indices = which(features < area_threshold)\n",
    "  nucleusFin = rmObjects(nucleusBW, indices)\n",
    "  \n",
    "  newFeatures = computeFeatures.shape(nucleusFin)\n",
    "  \n",
    "  # Write final nucleus image to disk\n",
    "  filename = paste(outDir, (paste(\"/segNuc_\", i, sep=\"\")), sep=\"\")\n",
    "  writeImage(nucleusFin, filename)\n",
    "}\n",
    "print(noquote(\"DONE!\"))"
   ]
  },
  {
   "cell_type": "code",
   "execution_count": null,
   "metadata": {},
   "outputs": [],
   "source": []
  }
 ],
 "metadata": {
  "kernelspec": {
   "display_name": "R",
   "language": "R",
   "name": "ir"
  },
  "language_info": {
   "codemirror_mode": "r",
   "file_extension": ".r",
   "mimetype": "text/x-r-source",
   "name": "R",
   "pygments_lexer": "r",
   "version": "3.5.2"
  }
 },
 "nbformat": 4,
 "nbformat_minor": 2
}
